{"cameraMode":{"drawMode":0,"name":"Shaded","section":"Shading Mode"},"sceneLighting":true,"audioPlay":false,"sceneViewState":{"m_AlwaysRefresh":false,"showFog":true,"showSkybox":true,"showFlares":true,"showImageEffects":true,"showParticleSystems":true,"showVisualEffectGraphs":true,"m_FxEnabled":true},"in2DMode":false,"pivot":{"x":-17.665916442871095,"y":2.6676738262176515,"z":-1.927319049835205},"rotation":{"x":0.05111464485526085,"y":-0.6305385231971741,"z":0.041680071502923968,"w":0.7733803391456604},"size":12.12435531616211,"orthographic":false}